{"cameraMode":{"drawMode":0,"name":"Shaded","section":"Shading Mode"},"sceneLighting":false,"audioPlay":false,"sceneViewState":{"showFog":true,"showMaterialUpdate":false,"showSkybox":true,"showFlares":true,"showImageEffects":true,"showParticleSystems":true},"in2DMode":false,"pivot":{"x":316.5274353027344,"y":2.3719613552093508,"z":286.5494384765625},"rotation":{"x":-0.11800802499055863,"y":0.8786407709121704,"z":-0.28369244933128359,"w":-0.36549028754234316},"size":6.660585403442383,"orthographic":false}