{"cameraMode":{"drawMode":0,"name":"Shaded","section":"Shading Mode"},"sceneLighting":false,"audioPlay":false,"sceneViewState":{"showFog":true,"showMaterialUpdate":false,"showSkybox":true,"showFlares":true,"showImageEffects":true,"showParticleSystems":true},"in2DMode":false,"pivot":{"x":-6.712498664855957,"y":2.565868854522705,"z":-2.2630457878112795},"rotation":{"x":-0.2842874526977539,"y":0.03833674639463425,"z":-0.011377586051821709,"w":-0.9579047560691834},"size":8.751594543457032,"orthographic":false}