{"cameraMode":{"drawMode":0,"name":"Shaded","section":"Shading Mode"},"sceneLighting":false,"audioPlay":false,"sceneViewState":{"showFog":true,"showMaterialUpdate":false,"showSkybox":true,"showFlares":true,"showImageEffects":true,"showParticleSystems":true},"in2DMode":false,"pivot":{"x":-13.405181884765625,"y":3.544093370437622,"z":-12.539192199707032},"rotation":{"x":-0.2842874526977539,"y":0.03833674639463425,"z":-0.011377586051821709,"w":-0.9579047560691834},"size":17.22987937927246,"orthographic":false}