{"cameraMode":{"drawMode":0,"name":"Shaded","section":"Shading Mode"},"sceneLighting":false,"audioPlay":false,"sceneViewState":{"showFog":true,"showMaterialUpdate":false,"showSkybox":true,"showFlares":true,"showImageEffects":true,"showParticleSystems":true},"in2DMode":false,"pivot":{"x":300.8999938964844,"y":6.14216423034668,"z":295.24468994140627},"rotation":{"x":-0.05133809521794319,"y":0.8028082847595215,"z":-0.06986739486455918,"w":-0.5898999571800232},"size":2.8578836917877199,"orthographic":false}